$\mu_1$,$\mu_2$,$\sigma_1$,$\sigma_2$,$q_{11}$,$q_{22}$,timestamp,$\phi_1$,$\phi_2$,mean,variance,skewness,excess_kurtosis,lag_0,lag_1,lag_2,lag_3,lag_4,lag_5,lag_6,lag_7,lag_8,lag_9,lag_10,lag_11,lag_12,lag_13,lag_14,lag_15,lag_16,lag_17,lag_18,lag_19,lag_20,lag_21,lag_22,lag_23,lag_24,lag_25,lag_26,lag_27,lag_28,lag_29,lag_30,lag_31,lag_32,lag_33,lag_34,lag_35,lag_36,lag_37,lag_38,lag_39,lag_40,lag_41,lag_42,lag_43,lag_44,lag_45,lag_46,lag_47,lag_48,lag_49,lag_50,lag_51,lag_52,lag_53,lag_54,lag_55,lag_56,lag_57,lag_58,lag_59,lag_60,lag_61,lag_62,lag_63,lag_64,lag_65,lag_66,lag_67,lag_68,lag_69,lag_70,lag_71,lag_72,lag_73,lag_74,lag_75,lag_76,lag_77,lag_78,lag_79,lag_80,lag_81,lag_82,lag_83,lag_84,lag_85,lag_86,lag_87,lag_88,lag_89,lag_90,lag_91,lag_92,lag_93,lag_94,lag_95,lag_96,lag_97,lag_98,lag_99,model,window_len
0.0005130559950230794,-0.004320440106363117,0.00898046613557969,0.05572351945526436,0.9993972272453285,0.9629629629629629,2021-01-22,0.9839857651245552,0.01601423487544481,0.0008406091654491099,0.0001487274949081236,0.6907622636579064,23.07294247194282,0.299212478410636,0.28631061287978193,0.17431884170114517,0.21694346972993833,0.18457081016134916,0.15760764523043808,0.28381963113438374,0.22143077210419515,0.3469722158728529,0.21536341343784202,0.16583602202654837,0.22089630624816614,0.20028771178190008,0.1729724068672997,0.12156284595455982,0.12468262512652721,0.0957380243595944,0.23832276072792835,0.15803154381872286,0.1663896065882848,0.1296102289429555,0.12508038512573963,0.09938316330072046,0.08344869359580791,0.15950987013218312,0.08107353733185534,0.20587374690222374,0.07096771614726086,0.1075154132215034,0.07224230413392776,0.06104751363386585,0.07332194872698095,0.037145579423298665,0.08158350263406962,0.04132126884770738,0.11670228260838317,0.05177823903882647,0.035960254496762545,0.09934905661270375,0.06544144099335032,0.08055396111267979,0.06018720308861098,0.045711271445403934,0.0350271597556577,0.046334709947973805,0.021343180246304706,0.016670292060524287,0.06176581322923111,0.06367123342860768,0.059729086008424595,0.03376165845688025,0.041427343776441417,0.030246308131205508,0.01197343853334302,0.004828482754542428,0.0002090368203428931,0.022105414554351194,0.019243442376704,0.012059864733185181,0.016968560898483018,0.02306375826733644,0.015035689058903486,-0.0011292042895867736,-0.004897254675314385,-0.008523302195161155,-0.009094503795396534,-0.005843035004380174,-0.01294748099073501,-0.013348289259084368,-0.009183080273985586,-0.014571547703753273,-0.01004954993907443,-0.011871196725240417,-0.009616672156246925,-0.015470739997864953,-0.011598431054369654,-0.014156565131063769,-0.008471389492685636,-0.008470191912850662,-0.004576740880268896,-0.007381684634026098,-0.009318529770556505,-0.011513728372817814,-0.010716169094533661,-0.00432501911174141,-0.009794216196251078,-0.00670806490030047,-0.00753969294479527,-0.011936275474267882,-0.011158558721013161,-0.011424362264091688,-0.004754955703339429,-0.010890514099413596,-0.00911388436770896,-0.0046962502571497545,-0.008828659276943117,-0.008376078426563047,-0.005481084515897251,-0.00941856676963712,-0.011591653494676193,jump,1700
0.0005142856621081403,-0.004320440106363117,0.008980750423878435,0.05572351945526436,0.9993972272453285,0.9629629629629629,2021-01-25,0.9839857651245552,0.01601423487544481,0.0002834579151013553,8.40630486806621e-05,-0.011415037740876625,-0.018049676256312264,-0.019080711934330644,0.013621856725266805,-0.019603375789726655,-0.024510400355842794,0.016928644381027123,0.004445158492676953,-0.011231273320250033,0.022049929430207872,-0.0008699998866801347,0.0015157836065394991,-0.012891691932978603,-0.00906172071307845,0.02618439261983434,0.007519536815599441,0.0008465898211020327,0.011757400375818586,-0.006524201594008337,0.0004909140153640996,-0.006386732471454747,0.014786707328231516,0.0019664872289496386,0.004048680092254603,-0.0038571559524467128,0.014050769417180824,0.0042725165038625884,-0.030501986383688368,0.0007369865771957103,0.010504881810750275,0.004811506208523326,0.015589369019392599,0.018613270882542637,-0.0003186771955354892,0.01135190515858641,-0.02037306666589143,-0.006505957733490003,-0.009001334759926418,0.009218054175149652,0.0032004562848815202,-0.0017918844575470878,0.0168002953154447,-0.011033600335466213,-0.013871412473653246,-0.002133436874237527,0.008219957865789865,0.008443826753683516,-0.006691132956083205,-0.001255047377701102,0.014750109791630847,-0.00985104080291151,0.0075343722297171204,-0.014494027099832543,0.021526036923598765,0.011090990669313773,-0.0033919129600605852,0.0018561350675284688,-0.006317267743237562,-0.004191730071716783,0.007066867367057987,-0.018866615019377544,-0.014777659299319155,-0.007072336826273241,-0.002081483775567884,-0.018360555239407692,0.028408411639178132,-0.019641038292957706,0.004381363504009418,-0.005527053274290766,-0.016950184043270346,-0.004702062159042669,-0.007273383941743951,0.0008427182413425663,-0.012795280129064914,-0.006370243715503248,-0.007322942127539283,8.275659635071079e-05,0.012558579632837824,0.02357907764369803,-0.03512384148401867,-0.006655676092119389,-0.015098372575180064,-0.004485185482431194,0.0017476532935744198,-0.012933252855595457,0.009982792872723906,0.00487418277662287,0.019385861393829605,-0.0008070734853096214,-0.018220029516970326,-0.008295906025014066,0.025889826135287872,-0.012294874028135774,-0.02698857844217048,-0.007245232582577912,-0.009649670116835332,0.014454504928870963,0.003965998308684532,0.01622539409995122,-0.0019588659941493065,0.0014513783361442126,0.014316571345214073,jump,1700
0.0005067607809675829,-0.004320440106363117,0.008977190578332881,0.05572351945526436,0.9993972272453285,0.9629629629629629,2021-01-26,0.9839857651245552,0.01601423487544481,0.0004026862943439291,9.8099365382817e-05,-0.4779431834857609,13.415312181606314,0.20268228731231636,0.15870319989160175,0.2922168009943455,0.18163417560544476,0.16621996850384754,0.21630395732897104,0.0972881172363853,0.09649989423359959,0.40499052202190705,0.04434002428235164,0.027646954861877474,0.06587308678423202,-0.005992141176074326,-0.006070828586968268,0.0005187464119395422,0.00026299015308718025,-0.007286517635725008,-0.00473623682083958,-0.005449670165165551,0.0012440872331498309,-0.00729179392356172,-0.010111820315903982,-0.002622007087657438,0.0019660205161945283,-0.00815580068215541,-0.008893906864044709,0.002521579779693845,0.006103650932364983,-0.008231227914071569,-0.008413996990642597,0.001359625344287705,-0.0011548294839367659,-0.0031360056088584167,-0.002124451338107394,-0.0010582891795994035,0.0037525046899902917,0.011277736212205302,-0.005841214565445302,-0.005557041854421638,0.010587851740994981,-0.0073208450341068374,-0.009071806845723583,8.194884504322812e-05,0.00148406744229075,-0.010232332492377596,0.0009785940240553553,-0.0018718116145371633,-0.0040785506005402905,0.005897949190703204,-0.005032128190868514,0.0027186711444197906,-0.008080479896468665,-0.0016531747628084439,-0.0032250364213536747,0.00337496774817995,0.002461368289356913,-0.006452241088822353,-0.0013897711908871025,-0.0014190343780741905,0.009588854154439096,-0.007130691332417127,-0.0041920226871013915,0.0011952307330784315,-0.0016764277470613087,-0.00355542477479737,-0.006597888577511904,-0.006777877744070815,-0.0032712969426275883,-0.00288696444411719,-0.008928500555924916,-0.0029581775114758354,-0.00403025408384247,-0.015618386219156536,-0.008064572444965216,-0.007934407709862847,-0.010277289116443534,-0.006337167028326776,-0.010935679538390414,-0.010643504438760184,-0.007507485229851325,-0.005659682657107081,-0.006575221823285147,-0.009772780806499586,-0.001141800244799122,-0.0029744850873256318,-0.004003267583786891,-0.005493049472708617,-0.00947974951951896,-0.006976600032279402,0.0012546776905789394,-0.0009981282702048332,-0.0030876732897321636,0.008846463814922882,-0.007892075122965666,-0.0026904453847137935,0.003734077063349927,-0.005046996332576314,-0.006710460470065272,0.0031350507793632522,-0.008980761453410846,jump,1700
0.0004912523557408255,-0.004320440106363117,0.009000738022787056,0.05572351945526436,0.9993972272453285,0.9629629629629629,2021-01-27,0.9839857651245552,0.01601423487544481,0.0003169987449088701,9.430115320961012e-05,-0.46431588657988243,11.177283633305258,0.4254710219396281,0.2428963838386335,0.3319424868761865,0.2861269287924182,0.18978282201370514,0.13882428086991683,0.2474239358435491,0.1329954970098663,0.07806522224520095,0.04420986520529758,0.05100808330363408,0.04114046427985496,-0.011634437021708579,-0.011798636504578068,-0.005729789312530957,-0.002439936698956196,0.0006691722780340601,-0.0073053308851433844,-0.011039170476352785,0.0013035879775378516,0.004490815942422798,0.002174140065928071,-0.0033624736547933493,0.002061827206858146,-0.0009436979215399935,-0.0034964292712057372,0.00019736454226538977,-0.006458900232366535,0.0021651388351527027,0.0046929212582251505,-0.012371130349492176,-0.002966070182160632,0.003193626586577249,-0.00867591395719246,-0.010034634081424992,-0.0009983639289290714,0.00019592100312404225,-0.006204580306583228,-0.009329714650831137,-0.008256039211021811,-0.00992015558414752,-0.013267856993071762,-0.008789102623189462,-0.003217642155919481,-0.00802449671671783,-0.009377424371028443,0.004685266007126895,0.0035857402918494726,-0.006305082631640969,0.016091227588128625,-0.002432296226626733,0.005087072509832433,-0.002228255912133149,-0.008143024678003987,0.0053541569634826085,-0.007746312135241515,0.025965809544079916,0.0045613339114658905,0.0043886335244848,0.002261303956171464,0.0067202094543463275,0.004727633876972574,-0.016865173377242706,0.009301533907350248,-0.0016564723708547863,-0.010265703106851345,-0.004093589938870969,0.00013040342044136737,-0.0003535654109399262,-0.0069314044061114955,0.005601604048041404,0.0005590896450626888,-0.0040642575817098694,-0.008291495305822209,0.006477113447273782,0.0019428103439401857,-0.004112829970636997,0.0004772816000349333,-0.012424584657759823,-0.005384738203466558,-0.0009098460992736615,-0.0023225562818823438,-0.010167541850245612,0.0033268467416234667,0.006317216849633949,-0.00497127741717741,-0.008331769232701966,-0.011644530240298117,-0.00525356681268731,-0.01264264655536736,-0.009431405542427902,-0.0020363510105810144,0.0004460190862033143,-0.0072579454524732455,-0.010838288091496515,-0.006035600109081581,-0.007889622266184684,0.008912474961382982,0.007932481342011343,-0.009726528166549099,jump,1700
0.0004936138578883239,-0.004320440106363117,0.009002643982480494,0.05572351945526436,0.9993972272453285,0.9629629629629629,2021-01-28,0.9839857651245552,0.01601423487544481,0.00043752426650845865,0.00015035019505588607,-0.3078225006536031,28.202223627061958,0.28080355264921114,0.2537724848841358,0.24806915490427453,0.24143684646027194,0.21630166665838108,0.16400352278809815,0.3078163340106278,0.1756668533160263,0.27399936304329964,0.17699720517189632,0.13776842822297677,0.14333106275825547,0.13031531237557026,0.13224590985245877,0.15238550302382511,0.18811271196247997,0.12058211442224728,0.2461833757702492,0.1362400949957537,0.060453732918672766,0.0709240337694476,0.08752034743156865,0.06832011316178667,0.05776931843882791,0.07093492883393644,0.06863479591869996,0.09553360154657024,0.06658942496989202,0.07366859646537371,0.07020157234193214,0.0788853522101718,0.0812614923509479,0.04629627760429182,0.10261494938701934,0.06224707336461283,0.12094864780821593,0.11669016935172896,0.09746476962670372,0.09533217126460819,0.05977542230282037,0.05573810571581466,0.05730901618473562,0.10078845385075422,0.11844114232102604,0.1629921092871186,0.08451738020102699,0.07705036113860508,0.07537066276087012,0.11174303923555781,0.04637501422271497,0.06177152732011375,0.150059768709671,0.07009737441948358,0.059339292119431515,0.04955756201170248,0.0990631775884771,0.014528939428679864,0.008685936456046565,0.017355631499959705,0.00963450758640746,0.027254637077617896,0.00763170812946174,-0.004493516737349611,0.002392006640309435,0.00971772287601149,0.0007907579487889789,-0.004292691512646014,-0.005213431999283453,-0.009436587211514568,-0.008264012900299364,-0.00685856819082854,-0.010143304071321236,-0.010861794030706282,-0.008995744883063482,-0.004025313866441366,-0.01145999476851108,-0.007583162888005747,-0.007654986287793168,-0.007629199604205846,-0.011580351687181611,-0.0010812338384298442,-0.007945553464853306,-0.01104515693089737,-0.0063348623864651525,-0.006464001550903836,-0.007670165449455349,-0.01059624278704212,0.020664058095475536,0.055355910334756925,0.00042474685695590586,0.013728476231631525,0.05725976353226726,0.0860171916693103,0.023163219884815976,-1.1131901026328646e-05,0.0014784874829008438,0.0013234432177473576,0.0032779364419057216,0.011543738836578011,0.034934567148262485,jump,1700
0.00047897646711667763,-0.004320440106363117,0.009015385902008932,0.05572351945526436,0.9993972272453285,0.9629629629629629,2021-01-29,0.9839857651245552,0.01601423487544481,-0.00019133992610667107,0.00024464411576927863,-1.3902790913718766,23.135976359507136,0.30989089621068067,0.3353358117724076,0.34892791055656297,0.29359752718499826,0.24959988944597486,0.27467670616083645,0.25845457023307605,0.2686695154706503,0.3187235848907185,0.26533271945041903,0.2648886514655425,0.26923683055260805,0.21996698665484385,0.22733492350497916,0.2018825753703996,0.2398598229744591,0.1994673393294836,0.2489408208363814,0.22795783568654032,0.2974527932988355,0.250999828812475,0.23483863054593046,0.21289242308618325,0.18185475194506776,0.17257008633981158,0.14753548374885048,0.17004674052936367,0.14978885667567576,0.1606074718362015,0.19606084369131008,0.2039224788128835,0.12985585612926442,0.13106450343972864,0.13382837033706502,0.1497060979305842,0.11183137720281215,0.17146018744163374,0.17446890746311644,0.16067985612848945,0.2102046478899168,0.20600235069031703,0.150728743951092,0.12599868880247064,0.15711528895155297,0.11644788549694679,0.10587322531347922,0.1049705135132942,0.08609950813831989,0.11833210134548042,0.12481861025451875,0.1253669687122679,0.07848849505177889,0.07036905747820855,0.07660041996093274,0.11772701151601644,0.06880968279963244,0.06749831663187458,0.09817071237741755,0.06978153300219862,0.07201616031056401,0.11039556060620627,0.06002874205269889,0.05885929170079187,0.06566721073670495,0.030400649522176748,0.08430028435267635,0.04706949191489518,0.041602086263407625,0.05556526646602466,0.03323176757919292,0.038800015488227486,0.027537109217776693,0.028287255853390262,0.01544546740303769,0.009934107205297455,0.014111382013463784,0.01889236236328354,0.024188845415575876,0.0072018878201484775,0.014693671436093935,0.007427058252546391,0.021797235730970754,0.016067346230543164,0.009071943319663113,0.007538502589342538,0.031611466582643626,0.03985221947361525,0.02019149584558642,0.06253110758794911,0.020429080049114076,0.032491512566163464,0.03362670314929731,0.02213515310461317,0.005981186388425271,0.061058176357651796,0.02487448446674352,0.08465795850131147,0.03842388505357372,0.02296249465177544,0.08100961730278813,jump,1700
0.0004925126873628833,-0.004320440106363117,0.009021698815898939,0.05572351945526436,0.9993972272453285,0.9629629629629629,2021-02-01,0.9839857651245552,0.01601423487544481,0.0007598727518063777,8.354063021263444e-05,0.10085013821800232,3.789078365313598,0.0801706461575778,0.01576286516084577,0.36281502425210005,0.15309733416648102,0.00549900032758412,0.04927669146197069,0.05882518915152684,-0.005329509811917893,-0.016355383923789987,-0.002817533656996359,-0.0038524969910814066,-0.0030173729255773304,-0.010509336838709955,-0.008577358349239558,0.006955224935808293,-0.008728684647132048,-0.013296119888501942,-0.0034887564484598864,0.009533626781139358,-0.015096805083971114,-0.008046565453813662,0.005948932599487397,0.001433865279853335,-0.003953520938402542,0.0006651355974603674,0.009906851539489295,0.0007685021707862133,0.00807360880865026,0.01770854371588514,-0.0020691323797905766,-0.00955190444308238,0.004651543905802538,-0.00574125175965496,-0.010783489347420856,-0.007427943676730375,0.007211594200184746,-0.006749820561408772,-0.009896421718608231,0.0015153727050342158,-0.006934782763666242,0.010805533750760625,0.007149803483895559,-0.011657536780164098,0.007380612996421902,0.016914530869908916,0.007234984851762028,-0.0014529016902486039,0.011189933670457747,-0.009081155720848706,-0.012142193912583364,-0.003707835799565621,-0.005426238532527791,-0.014257690898359073,0.0021200226015846645,0.014907013282599885,-0.010983593812655342,-0.0138400357562428,0.02287064300160604,-0.003026386994450488,0.020372668150847536,0.006906022685825763,-0.0004324635852506921,0.029261334783378033,0.01585101562016548,-0.0071434229189975,0.006794984603134434,0.006562096452282049,-9.045599477282374e-05,-0.005937217696837436,-0.004839103014629902,-0.015133283517654781,-0.00556246891909316,0.0022705361683403487,0.006774306348921894,0.002699569764317811,0.006137492531078573,0.021220729096060237,0.007909205098906021,0.003772105698411457,0.012705179246840162,0.015811743637234765,-0.009976897297319851,0.0035012704907593267,-0.007864200307219843,-0.014257997454784736,0.0015690617497774657,-0.012089082274939158,-0.015404023017003199,-0.0002624150610260496,0.006023215203450905,-0.004393693760364891,-0.00922353700386527,0.0073749184611336185,0.005488900007166799,-0.007702006577923415,-0.0036334217356309003,-0.002987415677795019,-0.00629122693980639,-0.007295676537309574,0.0033532937541185122,jump,1700
0.000497204986195916,-0.004320440106363117,0.009026596296227905,0.05572351945526436,0.9993972272453285,0.9629629629629629,2021-02-02,0.9839857651245552,0.01601423487544481,0.00031420211240543476,0.00012769817361392153,0.138298872907518,25.018233514039633,0.3495858099128167,0.3306032542912886,0.30773224705249497,0.22173118334508493,0.2006879337297216,0.1958983776735605,0.26509771899921186,0.1675447433372083,0.12184996168444205,0.16542657007844042,0.1569956763545485,0.11767900068618474,0.07186635164429273,0.02864328424486581,0.04407587314004038,0.032511405138827075,0.03445051147749384,0.09173095069723373,0.012483028718587403,0.015715361465673996,0.015143719896696916,0.0021590458586888306,0.004730902529355818,-0.0044182109774502645,-0.001125131070897003,-0.0014429508660142307,-0.0006357563150086874,-0.005800331510169729,-0.0042996405997968775,-0.009539716886571886,-0.004772539119765755,-0.007860968958912862,-0.008424729415757426,-0.009631235025568698,-0.006034716261715507,-0.003753937750577671,-0.00398059932560564,-0.0025101727875374135,-0.003562105962517012,-0.006389858474941126,-0.004130404224451289,-0.00501726292418239,-0.005218612969715715,-0.004353648250614516,-0.007613728369977709,-0.00017421841369336607,-0.0009400682659968468,-0.0024977387569215886,-0.004052547135735828,-0.002730516336062921,-0.0030047174009366264,-0.0057706764918516095,-0.005121004094157569,-0.0030585329320205403,-0.008575805348171602,0.0007431310383143682,-0.003052283301917397,-0.007520952209537552,-0.003054763200658373,-0.004666739567418872,-0.007394585711124695,-0.005861623071211673,-0.002239951012933037,-0.0029602139534659205,-0.00595664828348643,-0.008424944363410479,-0.006485824009634183,-0.0047374251237697245,-0.007357393854866665,-0.005600043266961553,-0.006904926698214313,-0.007134981971166164,-0.005917701663949721,-0.0011502002955565526,-0.002332267131317242,-0.008743568235847104,2.7197005579665525e-05,-0.004933519279594394,0.0036243712625297765,-0.0007287155356197552,-0.005045808205386886,0.0025013048308628162,-0.004305024663697702,-0.00428616195732351,-0.002330935127100783,-0.002226570091402436,0.003726302957749562,-0.005765998753028911,-0.004841413827035125,0.0007928874815574111,-0.0002466197461947046,-0.0036956534507299925,-0.0015663962014767783,-0.0036637606045980663,-0.005228140131110108,-0.0009283690124860212,-0.003915213730642164,-0.0020666508359845443,-0.004091377091252527,-0.001941401393797293,jump,1700
0.0004989693519037811,-0.004320440106363117,0.009026409668255537,0.05572351945526436,0.9993972272453285,0.9629629629629629,2021-02-03,0.9839857651245552,0.01601423487544481,9.742735412971106e-05,0.00027799690483052363,-0.8225471802458371,22.4615820092779,0.25964589868550136,0.2520722678513638,0.20678520744033468,0.25909105500861646,0.27188434407132633,0.22421172600232286,0.2511016727053188,0.2738469977869774,0.3335241408716561,0.24197081401921045,0.21645731443902166,0.20682077121005896,0.22728278506342792,0.1955702924582932,0.22017477570202781,0.2281114822153564,0.20858523540825627,0.2006661419385453,0.21615651729722243,0.1923073047004127,0.21004756650742767,0.2917644557001869,0.19275983852554768,0.1679945301196388,0.1620380425146959,0.11136135669496906,0.14542279318902454,0.13932964746161802,0.21657725825497698,0.1426582758801118,0.18272810485393828,0.14557852005567284,0.12396886869194969,0.10611980453630451,0.17072165424912658,0.08907055054155884,0.12215852881785128,0.11764278521454428,0.11936887704891977,0.12576010133183904,0.07915564912552449,0.08984072930843805,0.08855737053964573,0.09790929813386758,0.07916417619559882,0.06613732617866074,0.056229869936018716,0.04596033933842421,0.047421271140414,0.07026052546586195,0.055880086288245666,0.02219781338552625,0.019506728355783938,0.021287593631219726,0.011666864924512646,0.01754749530173308,0.006891750512609955,0.0008851678397483166,0.013389508192515812,0.014392161823357593,0.015337963325012619,-0.0010338267639196778,-0.00025953481584170844,-0.0015553856509800104,-0.009268628127420428,-0.006873609442698466,-0.0070723683151191355,-0.015051462600935216,-0.005627587011065589,-0.009072804057166008,-0.014556445276853824,-0.01594199451690487,-0.019239300209465807,-0.019639310380492266,-0.017782489882220143,-0.020713780317098966,-0.02341363544408161,-0.02035970828950271,-0.022675678618959617,-0.022354942547657172,-0.019999249001908054,-0.01106197500917643,-0.00789313849226258,-0.009958302810640599,-0.01609478862369253,-0.020149071556610543,-0.010560060767414798,-0.017867251488889298,-0.010141673102585088,-0.011976355159472046,-0.01313031069002266,-0.008851245597883152,-0.016927903597937912,-0.01839068248254393,-0.013740245077616555,-0.01792198014917872,0.005311245943315545,-0.007330434012707246,-0.010949938279120053,-0.0050019938514515175,jump,1700
0.0005017569219569681,-0.004320440106363117,0.009028875472894896,0.05572351945526436,0.9993972272453285,0.9629629629629629,2021-02-04,0.9839857651245552,0.01601423487544481,0.000502655977252402,0.00015737824758699725,-0.5939724012488421,24.343230221496512,0.43068812411574564,0.3161552556307685,0.2652264236579425,0.27723147869092507,0.2255580142391566,0.35246129142204813,0.269976916976523,0.2848992713631525,0.20879721675916915,0.24016121484265693,0.2560778146670936,0.33657143302762244,0.2809857009549072,0.33097612082309735,0.19175305966823059,0.16817794474973824,0.17342958499306946,0.3249884312086811,0.25764613310185513,0.23594528160143594,0.20578572756963792,0.15960878911054532,0.12180341146184259,0.18502755138862362,0.14884387727725135,0.2120175543605256,0.16147896390534208,0.21621742524375975,0.13999443761485406,0.14862072312702165,0.13904660222439402,0.19673213524625088,0.11496143025917528,0.1980513302166666,0.14422073474461758,0.19141488213983623,0.1064802254104374,0.13110099517964477,0.14675234324715553,0.16528514163054248,0.08274846690587101,0.17656750667934956,0.10358529747814774,0.10499865510457676,0.13737855332715188,0.22829560567556356,0.1390980254434198,0.13017207161686611,0.08989590246815433,0.07778185027612931,0.08383067749791123,0.11715858154540977,0.15511500263372668,0.17291723562440905,0.1099351540902458,0.07739038753814834,0.0916805746933103,0.1348089066041547,0.11043546230912317,0.1681306243546377,0.07989493332454398,0.01665375754385451,0.06972395236349553,0.07750131749916657,0.06522381487265179,0.062173239482684176,0.03046801039341564,0.05582211554385035,0.04614605428573348,0.05705633333407819,0.0435083163514673,0.1139763133208462,0.07722711064021019,0.08548891068706488,0.015769240199713496,0.007503409230255651,0.01149758331490177,0.020120531248314158,0.008075532350368099,-0.004303609545447448,-0.007501071260223858,0.0133943756902592,-0.008078471677452983,-0.007269171955374666,-0.007149243313705802,-0.01019810006211479,-0.010924754846877468,-0.004923642209530125,-0.00912888404471019,-0.015038936188001612,-0.01348943189334333,-0.008369898608496013,-0.011823219274571993,-0.012124960448531326,-0.01053576539083062,-0.008905054991545128,-0.01126326681607676,-0.009111436330560167,-0.013958155188396113,-0.008789615912615558,jump,1700
0.0005049126405981164,-0.004320440106363117,0.009029143818176193,0.05572351945526436,0.9993972272453285,0.9629629629629629,2021-02-05,0.9839857651245552,0.01601423487544481,0.0004605759240298907,9.751205884637001e-05,-1.8688433412390109,34.061427829500055,0.0544965399803456,0.05645346419808548,0.039656238577806466,0.09381768747594924,0.2509821842223725,0.01251555267887288,0.02674295630488161,0.22449632126297797,0.06214155613652404,0.054228971550326036,0.10485132140769553,0.044488818043098295,0.07177773443721513,0.02734776841236886,0.02461621837919059,0.032680791424622053,0.009566426616534814,-0.0022326430976524433,0.003114554174319953,0.0007007633902990758,0.0003420510630045776,0.005597515428688379,-0.0009766885273808945,0.005759959316739786,0.0027615394358635067,-0.00077506325421231,0.0016746740758899388,0.0028696206469873524,0.00031103478811850103,0.001903346621410779,0.002238696502290846,0.002494348895340505,-1.667526422133502e-05,-0.004210495817994266,0.0011007529649951708,-0.0024239331229484995,-0.0002649835698697417,-0.002242696617955114,-0.004092278390817342,-0.000716920762151129,-0.002000193376232626,-0.0005822792795969878,0.008455520306872055,-0.00019479362213831107,0.01052340406180992,-0.003016503551360858,0.005943564735236339,0.008231884567646449,-2.3606979054201427e-05,-0.0018219445455818105,0.00264075037139425,0.004330250387709545,-0.0007873861784051373,-8.870348926690898e-05,0.0006335996571582318,0.002854362572929192,-8.574621570560243e-05,-0.0031451714152313055,0.003747252466717121,0.0033457775957723016,0.005186217419054034,-0.002122557359110295,-0.0024001229219424683,-0.0034142506599356775,0.0024678105506932588,-0.0036541234305902076,-0.0031271535281578553,0.0024446659853891574,0.004590235380244412,0.0024207038921498984,-0.00383712235457646,-0.003782452302393998,-0.005290445075712718,0.003477203561929992,-0.0029732429651424435,-0.0019021207455015366,-0.003493436868276761,-0.004799953648218523,-0.001678756649619444,-0.0024142928339627562,-0.004488317256460784,-0.004660456702232592,-0.0038312132359787036,-0.0013782618151549008,-0.0019601544555734817,-0.00565268686638237,-0.005798440785215787,-0.004496661171280642,-0.003252367341565697,-0.005699513193628495,-0.0038256967630425354,-0.0048831941255455275,-0.003813347082642796,-0.000573128934371028,-0.005254938338745836,-0.00287422169303413,-0.0022803357952612593,0.00034025164019700014,0.008578293257764302,-0.001413690833663724,jump,1700
0.0005093406084041829,-0.004320440106363117,0.009030708913042806,0.05572351945526436,0.9993972272453285,0.9629629629629629,2021-02-08,0.9839857651245552,0.01601423487544481,0.0004283319024936686,0.00012527883857592548,-1.212390114148453,36.027766484718214,0.32794849529700887,0.3458634256765619,0.3202248095499426,0.462851105462885,0.3202163749565666,0.2547508974095788,0.22538347242074497,0.16554775822349344,0.17011872204310316,0.19827295558178193,0.1784135791811766,0.08829496579041704,0.2552303793373301,0.13851078896527505,0.13666797703586964,0.13897727454212994,0.19213569686070833,0.2273264803072279,0.1310583267344747,0.21433348188445178,0.10645298231922333,0.2888207048481472,0.22453679053122103,0.28737237666824855,0.12488413129596289,0.20255698107194495,0.21428580389651694,0.16675132457972106,0.13308714886751413,0.10061753116585985,0.03819360795367119,0.08643873258281569,0.12321839743289334,0.015695404947945378,0.029463876750118266,0.06045536163904187,0.1197871663343394,0.03162671657462287,0.05136431713187527,0.09122798156338277,0.008108289143787932,0.019662283351172188,0.021934093450161292,0.006709845197275567,-0.002317903402129746,-0.0027264462473040696,-0.006401345550206512,-0.006452179900077542,-0.005848607261918706,-0.005082566925756363,-0.007892384437697911,-0.006138947296450275,-0.004070210805929905,-0.005585403937575493,-0.007543603697437798,-0.007066880749175905,-0.00355678172575998,-0.00794016443616303,-0.0072001651441903946,-0.0050126573035913224,-0.005337883724567099,-0.006451979523845547,-0.005675528632997923,-0.0054269244435343495,-0.005689141296583224,-0.006927977501128323,-0.005202643938035318,-0.005168124614669948,-0.007163521997162298,-0.006539391313934245,-0.005213848490511721,-0.003869676100282556,-0.006226671332549387,-0.007326989953284732,-0.0038776560515609766,-0.0031196069699990837,-0.0041877605650468405,-0.007183738041516095,-0.007074933640165365,-0.004491704332058844,-0.00510224447505724,-0.0033601810405255697,-0.005436601312844476,-0.006255768955496128,-0.00205020137255773,0.0020724928249525984,-0.004719109628200831,-0.00743616214481784,-0.0007478534659682118,0.007481008997752149,-0.006410273383800139,-0.003895273702416101,-0.0032334224642896446,0.0014799134160786453,-0.0029862629641720165,-0.003510895194812574,-0.0035714988841337785,-0.00023979546825581976,-0.001746147798555154,-0.0024667913335447156,jump,1700
0.0005056960319896466,-0.004320440106363117,0.009030142190750502,0.05572351945526436,0.9993972272453285,0.9629629629629629,2021-02-09,0.9839857651245552,0.01601423487544481,0.0004662640538936516,0.00016092097681501348,-0.5072143239606045,30.8537524549916,0.45740782434894334,0.3867269089439771,0.24421131271112764,0.26136078688358866,0.20846286885713342,0.1995855836167147,0.2879453029672414,0.2134998607643249,0.13495630275091178,0.2054288988148596,0.144081858236611,0.19982714173783958,0.11704264878015162,0.1384102754183054,0.09905974697029794,0.039216991238456435,0.0464114615302113,0.00880890924754075,0.03627580320069426,0.010895205910076197,0.03962216625471164,0.01829956663829487,0.05271194435930631,0.025733957658245987,0.037771412419625554,0.020602963116868517,0.033929023236124456,0.007262374358334936,-1.308839250473418e-05,-0.008631625239140045,-0.006997945761293399,-0.010957621271662764,-0.007025505026900076,-0.011194093902876564,-0.005129246171472575,-0.010461010538800643,-0.004957769051527884,-0.005149390463929611,0.001259941195875293,-0.007947230070078613,0.012768546694371167,0.0031767682599087863,0.03177537784216422,0.010397567232741668,0.033829321884538015,0.030602479886227454,0.025301567040009045,0.021852376480467898,0.012569871468160762,0.021448521556625036,0.023311655717047377,0.031850701346987455,0.04772288271413807,0.04491158709212922,0.06478590603784794,0.07277938927376082,0.06489771031610854,0.10290807650826375,0.0681731813351639,0.06198701257849494,0.053920192815170014,0.09368624548100701,0.03024426738569415,0.07409085341361851,0.10391211462578062,0.15268812970017484,0.0832838152390508,0.1603909638871603,0.144780770326666,0.1391869174898913,0.11182794286194042,0.1637732912553891,0.1515237910681128,0.08714830344536066,0.038984806423842944,0.0641020599415502,0.03292893126889745,0.10709180315033755,0.13894273810711075,0.17255580978644097,0.08775794084397838,0.03740020938870028,0.016693223463408444,0.005030673890803836,0.025111033098601312,0.01610790355267866,0.01912477118334511,0.0002517229872749299,-0.00547377464689212,-0.008837658359523099,-0.0040606363258453935,-0.0033085488458104795,-0.001884629777007064,-0.0033608450871257314,-0.006446998300433447,-0.005853268947204579,-0.009929518601448434,-0.007699057136711583,-0.009947278814418443,-0.009875512961152442,jump,1700
0.000503814049368758,-0.004320440106363117,0.009029993696518026,0.05572351945526436,0.9993972272453285,0.9629629629629629,2021-02-10,0.9839857651245552,0.01601423487544481,0.00012279506014272425,0.00016600575165238326,-1.276685417286119,37.67427529937392,0.38440766639157653,0.346773518828174,0.24625189312622756,0.35011901092060255,0.2009694034159961,0.286395421371633,0.12095121717877425,0.22687606896285026,0.16031438221420127,0.25291303697457423,0.19705499634662188,0.1702456461455707,0.15488687806341705,0.25388946272373564,0.12806319734149094,0.13222423307828218,0.12090389759598827,0.12675664960325478,0.1362145196603121,0.1857025790573391,0.1375400877935362,0.13502108438829247,0.09277912756819323,0.12751230761563367,0.1616414327331226,0.16984845196973508,0.05478038799266896,0.08105591238510015,0.04536838779580851,0.09321754577956869,0.08001096740112915,0.14114609976372802,0.06696942982262101,0.10250078761728919,0.0797522550229492,0.07212116788123923,0.056275014949022234,0.052032347035972246,0.04178754429203013,0.04426032050208534,0.04970413792493343,0.06448188736688361,0.0518242794025466,0.017837885550381682,0.05238860671980641,0.05433734019568973,0.05238480625916959,0.06859794625880448,0.06459603944123646,0.10609795884003106,0.09932190088366502,0.12701855996134884,0.10880583626347198,0.07124127581388189,0.06115478387936689,0.0732836006236944,0.03177455528536888,0.04089583269552981,0.024410309043405347,0.03907936060368851,0.01615487163063221,0.0069128721340726935,0.012138722546227006,0.003368425827235797,0.00029547835903956756,0.005472187103218704,0.00582409411914517,-0.000982745449908441,-0.0027660655950655206,-0.0022332877200671843,-0.0005339437203965562,-0.002320084744272067,-0.0028200851805969002,-0.004760507595991787,-0.0029395242927888234,-0.004516048743880018,-0.0045695522066001425,-0.003725442934195958,-0.0032238298693279383,-0.006656616984985111,-0.004685060054643791,-0.0031603484969265363,-0.007892181237870038,-0.004474812896382812,-0.00400340494025395,-0.0032027793671100856,-0.0026141606159590775,-0.0005248599754987849,-0.0028617062188207474,0.000508170074556562,-0.0037387354417482165,0.00019299276433581866,-0.0038777668247940685,-0.005120264696626723,-0.005181065859391987,-0.002145012189386525,-0.0040339524946129985,-0.0029279155431318838,-0.004944606170239029,-0.006067409935013763,jump,1700
0.000509276071442786,-0.004320440106363117,0.009027948389632697,0.05572351945526436,0.9993972272453285,0.9629629629629629,2021-02-11,0.9839857651245552,0.01601423487544481,0.0004278262084273693,8.687701329194335e-05,-0.15735259242393107,3.682013120207869,0.394098948191037,0.2631112882401855,0.2775018038450509,0.1927724509068914,0.10964959175870205,0.16104315697141164,0.19115620066044908,0.1284724966033206,0.0828438902815794,0.06912815439842476,0.058214984811922346,0.011630870765861856,0.01507100288222358,0.003107250008780333,0.016258209191810424,0.0011960353719578912,0.006171749345493671,-0.0014885510801882344,-0.009289948734023556,-0.004649943087029912,0.006778346565400683,-0.0029465415349300274,0.004196425342129371,0.006387931599270391,0.0010172123447196708,0.015137698983509928,0.0010991648780171608,0.005624026369501946,0.002629147877567217,0.011633768334734248,-0.002001688514947774,0.0004624403068389914,-0.003667281954851552,0.004422296115797029,0.0015059011923467128,-0.012452290167863856,-0.0009036423120294198,-0.00658023768960701,0.001775378916240399,-0.013840394022182729,-0.008307488595042104,-0.01014302250573441,-0.012733752114239744,-0.011735538978698074,-0.006048305580444049,-0.009173425960343594,-0.0024005082317965225,-0.0062394720580518405,-0.005424752648574977,0.0002966012404681952,0.0009065793903687662,0.011592260419479099,0.005522004261447818,0.001065931955371848,0.006705429296979503,0.016642559402319308,0.006926317584843076,-0.008843292882858133,-0.006609952460131894,0.0005461805330420165,-0.013624597695440195,-0.00691416854680556,-0.009995927574447287,-0.014861986926557571,-0.00561167587330325,0.0057103489779721395,0.006354425748659714,-0.0004640542611073972,0.002443956363606117,0.004354275250252766,-0.013620434421223465,-0.014953829202788236,-0.016500882333432696,0.0030069669379618846,-0.004776911961455663,-0.000687785154736423,0.0011136701443046602,-0.01204677728832083,-0.022492741804051322,-0.02154867161223726,-0.015368674369001594,-0.014431437196668844,-0.011344783746182469,-0.012360726641851429,-0.019022599400252457,0.0027803403874206043,-0.007432586053494672,-0.0072539486170420785,0.0015105299307600333,0.0050433995096941546,0.0024141103360070474,0.01735421625301232,0.0042709516882005185,-0.00228801072182943,0.0029254820633131612,-0.008145388463646881,-0.004781857847466778,-0.019530095801542538,-0.008425989149063881,-0.014400873589008151,jump,1700
0.0010785895331908097,-0.0014421301159624378,0.005480271216729465,0.019932539965780358,0.9779048335894284,0.9357352338058755,2021-01-22,0.25584974124180954,0.7441502587581904,0.00035300498614560547,0.0001280652531043167,-0.2704285430042918,4.9417030642909126,0.19405692467256855,0.21174715819862935,0.16920072112847967,0.18013629930639338,0.16503162435599233,0.16107731981808965,0.1206089719408512,0.12655922148439977,0.10115305395885123,0.07306177719423881,0.07197787742337755,0.06349441312179445,0.049064938621856985,0.058684438235006194,0.07319485186066894,0.052981780830905066,0.021081190198617875,0.04453893640431611,0.04914528186432067,0.03322446872733089,0.045440332710793715,0.03495585786388729,0.05093703953678161,0.029358829271732157,0.026809389603399496,0.025640367364686945,0.05647427657888594,0.005354763953006699,0.022130423203536153,0.01829705701643456,0.019584847361995564,0.01612564920190295,0.02164041109415878,0.036053968427936726,0.006345872903629788,0.02918501714513697,0.030642592003753674,0.01638072335333007,0.018123777228824817,0.023686002746590017,0.013578942827850488,0.0006884514248261213,0.013084364861407127,0.010006251951649139,-0.003049651405643022,-0.0011850282258261684,0.002605940580737118,-0.015944236936428668,-0.004065969860681297,-0.015152447030525037,0.0031759547738310747,-0.001926824884119263,0.011366544221722806,0.007709647345091794,0.03280698719756123,0.05201127658873433,0.019114285893901482,0.016493286269634026,0.0028671263970187094,-0.0029147061355684865,-0.005527325568690322,0.01056491632168371,0.024056637899670295,0.013734324759388588,-0.01406622272194032,0.022971757285946717,0.03466900279280334,-0.006603729691018853,0.01030102160403992,0.008838210624398603,0.028432323714773076,0.01362540508857877,-0.003643224190843497,0.028621096322014778,-0.0024497100757457403,-0.01628565801249547,-0.002568765804296557,-0.0017798179668384291,-0.016400678616521502,-0.009559054535997267,-0.021314951254763004,-0.01801326691660356,0.0070743527252300955,-0.007436227602967488,-0.0064986121455558755,-0.01172186575440838,-0.003034204835600718,-0.0043807310194261834,-0.006213181140542093,-0.008974440573839067,-0.015234162001791084,0.011055908784333005,-0.0058644238352514805,-0.006573356291779442,-0.012248575334544832,-0.00040192097203040013,-0.016735302635920535,-0.022821748669486414,-0.03133831292933389,-0.032475219407723806,mle,1700
0.0010810162443345894,-0.0014504347136695154,0.0054791950362510795,0.019963422738796147,0.9778833489559788,0.9353694273436465,2021-01-25,0.2549551455434725,0.7450448544565276,0.0005467052806673469,0.0001135462480585148,-0.12169133873566802,4.872807739250738,0.22305934555897042,0.24498982863067875,0.20346908544486125,0.21769403945127871,0.1516510862498436,0.16168006276571217,0.1602888376639164,0.1254804806022132,0.11828051177622693,0.128106870313439,0.0827738528573709,0.10209714527461537,0.07118535696147184,0.05026929501936694,0.06752930561361711,0.07238625082045014,0.035083176911658936,0.020452525143112826,0.05049745840896789,0.024090866326902976,0.024807148637165294,0.039473218816811186,0.031020615564903375,0.02024685953588001,0.0401705864832051,0.030946272262194117,0.007883251480240938,0.008779748575684513,-0.014253865986563096,0.007366345977249664,0.007053741129865397,0.015323021738437779,0.012931426475351789,0.0013860827130512117,0.007739031070517272,0.004155505114554761,0.0011112282760803362,-0.005687968401121002,-0.0031651893430713345,0.01321246576189528,-0.0031382182050349707,0.007722025988015436,-0.01238972096981367,0.006158010199857185,0.007452936555234686,-0.0018566379946352994,0.023051697846019053,0.013463123209880839,-0.009259574329081258,0.015713278895751887,0.010112962844021627,0.011137463161383308,0.016871503306072098,0.013508875928072149,0.049574666980598474,0.02213797628231826,0.03526117942382457,0.025618527518847956,0.005612960484660943,0.020879749059140515,0.0065206355105309095,0.033979610697392616,0.00977172092760344,0.009499549896062965,0.023892906693920146,0.00462637874565768,0.007177757686816984,0.01377742367473387,0.007064050619484394,-0.002964746217194756,0.021756035987431522,0.013503283814513623,0.052820355655497905,0.019655200259257502,0.027195262539044272,0.02644820415485304,0.047090070617336534,0.0375312150680013,0.020214584377102014,0.042589657845019134,0.047891230600538716,0.02481785679313144,0.048962569794881915,0.025927861511045605,0.03539236325497771,4.5672708050075737e-05,0.009636592809566693,0.04100983419321067,0.00724614578900757,0.024481178767066767,0.010922035498240947,0.026240980790485903,0.012327987748578394,-0.005880138048089191,-0.011350878450962186,0.020511419948966964,0.008052788145676192,-0.0031904436335566675,0.008338278322552285,-0.0005961009780655458,mle,1700
0.0010787429656341286,-0.0014343794615238933,0.005477480286619096,0.019988082931141786,0.9778562301609756,0.935041473390203,2021-01-26,0.2542271644012901,0.7457728355987098,0.0006092168943022878,0.00014042474540458907,-0.2558567735495099,4.152557280218338,0.2996438638042777,0.2362101292052459,0.20911172026907612,0.19386273158400102,0.15987737257349166,0.14961538562392743,0.12545442414495442,0.10554959753637927,0.09084004601258062,0.10385797281611668,0.11456028215041286,0.08308118314380898,0.07596298000983367,0.0701368881315599,0.07776476160670227,0.04526600115326893,0.05569023898169866,0.043815692006253786,0.06410375722688554,0.05538839582479519,0.02366259019585337,0.01724446965976785,0.020265039797129843,0.0032236998318691296,0.018511991962867333,0.03211789531754479,0.02023854660222857,0.021790617358198403,0.04366338358951085,0.027060587915925152,0.018157085308644037,0.011975557864041449,0.019541120178747037,0.00967794951736421,0.01315067938348537,-0.00012446214484964995,0.0063523382495751365,0.0218350647971848,0.0163625382238839,0.02092796364484143,0.02653468443663595,0.009776508460144653,-0.003985139162451317,0.009677167736628614,0.01830590252596444,-0.00012296562645576262,0.008974031203392619,0.03437097063277186,0.019914472986437153,-0.01757920639101403,-0.010993257033845594,-0.004988401516949201,-0.012099177043519633,0.006190691932109055,0.0032469916977852383,0.008478909509462671,0.019331467459349317,0.011046905968701505,0.015333398733598062,0.011699508870790926,0.005032886821161855,0.00802970307997008,0.008078625955292126,-0.011024662885299784,-0.010949419416027785,-0.009841416921547184,0.003537707916080266,0.018251390975939117,-0.015362630367625424,-0.012169080315678498,-0.010752357212002054,-0.02171303834289662,-0.017812892141131964,-0.012468153311487637,-0.014123324759878033,-0.014332508173179118,-0.006529971321013141,-0.005332256927263294,-0.009283651852060591,-0.00988438286092346,-0.025142867020488624,0.001804131450365246,-0.015227228954312428,-0.0015836974958985703,0.0016230833828486386,-0.019847985642567893,0.002357686455906642,-0.015874981405851942,-0.015188520697409618,-0.011942257282232742,-0.035591065364861216,-0.03495318636695605,-0.046465615886317986,-0.03286531019256076,-0.034984340491720896,-0.0220445838039554,-0.027827449379965525,-0.03182715772005074,-0.036814286626711976,-0.026559553298963524,mle,1700
0.0010821982684705034,-0.0014470505089991285,0.0054664048080255686,0.0199782253111595,0.9764856349411575,0.9334800027880913,2021-01-27,0.2611710069998626,0.7388289930001375,0.000823505252115945,0.0001243864783162777,-0.06295656180816901,4.847355036035581,0.2500861066170019,0.24153028570447735,0.22595296417937155,0.14058534677694293,0.1499481988581032,0.13874041737458484,0.11237685563545906,0.08561368242282659,0.10044968585005082,0.10276186493843581,0.08968065134184476,0.0678043742158643,0.0752937991186372,0.054454925567878384,0.054196414667347384,0.048860273023905276,0.045810553078190465,0.04018912107366145,0.06204307658881586,0.03808002120794126,0.04653408197111086,0.03751448524308899,0.026287545321586864,0.016032537254822937,0.02304534769290768,0.02339447123696299,0.014290045301420399,0.039220075387629345,0.01449730653785857,0.03151442939657758,0.038537671968879424,0.018418983834053538,0.023441010122113526,0.021111904874443067,-0.002394170679195172,0.0011631392107765578,0.025770308888386644,0.001794324898601933,0.01721450676398695,0.021584316209249943,-0.006793171240889142,-0.0084160685133228,-0.01685217022041013,-0.032512377610370055,-0.003210730409675154,-0.007603537788866825,0.002299301224281735,0.007119445419133188,0.005833982736168888,0.01789378032210662,-0.00933105986026825,-0.0001332700527400164,-0.003188588259862114,-0.01498943740950902,0.009471793111813157,0.010845255258360446,-0.001684711855569324,0.017517645177550414,-0.014429860742207317,0.0067617253344128625,0.026526093190518244,0.001612014277681849,0.006471526371428779,-0.0008393058382856416,-0.015592112589503118,-0.017503754014754038,-0.01194188434091608,0.0010153670210997945,-0.008362016208088035,-0.0015690099440702104,-0.008638404484568978,-0.022691356397178116,-0.019280424554322162,-0.016906774779451263,-0.008874238536649643,-0.016569913982662682,-0.016440475527954506,0.012577012696965147,-0.004952553100562447,-0.003059461321475942,0.007953368582678477,0.014328020013595804,0.010182732401848306,-0.0049580334454548715,-0.005608363069345113,0.021084823391161692,-0.00819636569085162,-0.007321368751890421,-0.005778931236063819,0.010969376948225223,0.024743824046054512,0.03155458753486241,0.012731751514363007,0.01494059590043284,0.001574608506575351,0.0020861552444782134,-0.014725013915951745,-0.015971238979034227,0.00030124172462307357,-0.014126132649178528,mle,1700
0.0010825468029630602,-0.0014171653607370264,0.0054673935885407145,0.019990793917778145,0.9764712452818952,0.9332023699358295,2021-01-28,0.2604859562886194,0.7395140437113806,0.00025278806757547315,0.00011723030561883609,-0.5215091465719702,5.002972945989249,0.2285165046675602,0.22257843456065154,0.17398362438472414,0.1953056741930871,0.1529380513614521,0.15267779319107902,0.12809413449774906,0.15253826967255404,0.10483456023810489,0.0958594699536386,0.10851935231361834,0.10569690140302941,0.07904577156228111,0.058134547306006853,0.09436131331306885,0.07790820704708616,0.059383677546424124,0.07234901460676575,0.06138034202371911,0.03419399769027378,0.06046063874136122,0.026542461902317453,0.04705334890535944,0.027953180222549112,0.07050222296909882,0.035662269703733346,0.028989956446397427,0.0263736408439991,0.04741922390866801,0.008850727585772978,0.02532182932741748,0.027972082004685137,0.0005399496265552642,0.012347719211148023,-0.003602766500014686,0.033294757512489184,0.013489873290842998,-0.0028920970316084925,0.006630046113060957,0.002377789638301714,-0.005872616940037278,-0.003446220577727575,-0.0038106440623115823,0.0024092935643439724,-0.005896582113860948,0.020268406867054632,0.023326012187364905,-0.006157413893076749,0.007704680841296308,0.03072264906753194,0.007451378476909186,0.007493777646310417,-0.012134171862677092,0.0053363059687965226,0.02590902709767746,-0.006291485775248038,-0.004363295041162751,0.002025806943322631,-0.029892234815255048,-0.024498956609113776,-0.011779153645979657,-0.023593189723233113,-0.006027496511610954,-0.017763552474666853,-0.021279894498357328,3.0360332876430332e-05,-0.007953269818357903,-0.006623473154457183,-0.012634009306353975,0.0025587831204570075,0.0023137729987146656,-0.0005594894175681786,0.009893039616829358,0.0034838805605296036,0.009762617704439218,0.0037723637804212805,0.022679218566934042,0.0014258997261201954,0.005474671895179141,-0.0019283639645182524,0.008435920029447066,0.016645617828347673,0.003652737102696707,-0.001707028143543764,-0.00016270041901445624,0.0013019790955202202,-0.003618735122789139,-0.018318950377987524,-0.00440977896575561,-0.013498561007982728,-0.018223925807525184,-0.00415799649438173,-0.006900785238842792,0.0037017325750315403,-0.004821391748245208,-0.005004885768013556,-0.013317384651464996,0.008576798902841893,-0.004217710553439945,-6.076328221123756e-05,mle,1700
0.0010822434918139156,-0.0014762193192628102,0.005469255149590134,0.02001259647429345,0.9765128343973164,0.9334071303682598,2021-01-29,0.26073663871867647,0.7392633612813235,0.00042771816212061695,0.00010843406451357119,-0.21716329185016328,5.523597404828015,0.22404199393659094,0.17973813996980184,0.19937265151173106,0.19538735688663783,0.16191475150702375,0.14325925861861746,0.12983695815874163,0.12714768117931743,0.07713345975689243,0.14974293509405068,0.10356257385706492,0.07494927108895198,0.07052769674520948,0.06730689298145881,0.0547004369381005,0.046796303557289656,0.06940055164708676,0.03404191837446015,0.020041904087721475,0.030009724258151012,0.03224536907389138,0.017853173504691375,0.00947358127922319,0.028428794703511222,0.03370780381265643,0.018566112716200033,0.014598299552508284,0.015474568346214294,0.0428256508373263,0.0408830622662037,0.007725942051851511,0.017728683749876253,-0.0024697289575083686,0.012118387674546717,0.01540470967655294,0.037958116393279034,0.017747375647013612,0.013987383220087286,0.028395889232293477,0.012085086224757529,0.01094098014797128,0.00024042354089084402,0.013601840766309069,0.023033893775647598,0.020067752264539617,0.005889457457013888,0.009645190437086521,-0.005794363749265124,0.004854167601821887,-0.004322365820358258,-0.018204497445561883,-0.006114918177555285,-0.008426924821309169,0.01846458069215452,0.010016339792076615,0.0071946761150601226,-0.013305510497876974,-0.013016239307630916,0.0024291650350369656,-0.007990443964705768,-0.0006969001084393454,-0.003209371549875607,-0.0016828432472682684,0.0060645539258943025,0.007847306376960234,0.009617360055201966,0.0024550202960907253,0.014034433336362659,0.01916903028948935,0.013744816310742506,0.014554876101765582,0.024620258319549723,0.028542731033702706,-0.0014896556345290906,0.03401716159671698,0.02217201260396846,0.03301384365483491,0.011106960100470128,0.017029918369862597,0.02186174896846556,0.005788421764348189,-0.013900514620400735,0.013677282313628247,0.014350932366174622,0.012131825547515148,0.010226714094049317,0.010235860078451075,0.0166101673860207,-0.009800848335828685,-0.005210516797103843,-0.005113524453927942,0.0141391888995113,0.012039930824719748,-0.0017374487620408442,0.012727226998639206,0.002636726584961316,-0.01573509711653014,-0.006128850382269148,-0.0009251385598970006,-0.003100054132476531,mle,1700
0.0010816924093821722,-0.00141647268485046,0.005469978899329852,0.020027715723164943,0.9765242594395677,0.9333928454812309,2021-02-01,0.2606015330634337,0.7393984669365663,0.0002915075115887966,0.00013116788350041406,-0.4483445883690061,4.5658096075980925,0.21111093301632072,0.18384534290887056,0.17258985768230595,0.14042013891065774,0.14607646343620237,0.11190975645825287,0.13014215851858263,0.10141447044333368,0.09868566814911665,0.057273543519063295,0.04372846224799805,0.07423243939321686,0.06846297969357543,0.05968440660868914,0.047240908780013115,0.04117396164587907,0.03198989786002797,0.01785148640280604,0.028208269345168756,0.014037830924912616,0.00224612373879313,0.048244485320502274,0.010017517743025138,0.007017823559419877,0.03193912744657098,0.0177860795895362,0.013992480177511101,0.020991780747137426,-0.015755310468096476,-0.014462632965549518,-0.008351643652628667,-0.0010126014808913386,-0.030099648150513206,-0.016435444571638185,-0.02165295794392997,-0.025168656093469476,-0.017065202538172345,-0.0029423967443009827,-0.001374447747187748,-0.006273293953928396,-0.00048803463219636095,-0.021675899354557406,-0.014354746728855249,-0.01770798291960045,-0.0017277843557427636,-0.012036758327114573,0.0015264759403931204,-0.0024530486488990497,-0.02101505283759609,-0.007763853434631527,-0.017287126600232083,-0.021143423091799826,0.0068065168408743,-0.001251691047595046,-0.01474908814972947,0.007533366840803406,-0.023296318504556646,-0.01960176249752636,-0.026972322940212873,-0.01750192761771799,0.0030515643484189526,-0.009371680707614249,-0.009447538018013568,-0.004977444470703567,-0.0023732404137591545,-0.002630532617937209,-0.0011082601824294529,-0.004288024426744672,-0.015454957599643307,0.0028474776705233675,-0.005265758811142292,0.006116567567273354,-0.0009702704362639228,-0.009846690367877919,-0.021092083046032953,-0.012071131916709306,-0.004423053122597289,-0.0007380431484070551,-0.0053699816076654425,-0.030320570519495448,-0.0007462943511039953,-0.0032814901387284556,-0.016707814340210195,-0.006424121080229623,-0.014451212538558175,-0.0023443627635149488,-0.004965023281952708,0.01865951567047014,0.0250788518882443,0.012168168600812684,-0.006955255795360819,-0.009356506860978817,-0.02805357644092433,-0.014417110092143217,-0.016574588832962797,-0.02906073547041247,-0.0076728938745721535,-0.012596967903554964,-0.025068221632870757,-0.0356309621628418,mle,1700
0.0010818138055940867,-0.0014123137394596121,0.005471018237675782,0.020035878720818665,0.9765289319172344,0.9333233884854937,2021-02-02,0.26036242072586696,0.7396375792741331,0.0005728000127292704,0.00012669538957527752,-0.22916512267659667,5.056978300609417,0.23676510927325764,0.18112887912182946,0.18473672428059792,0.16202444604681443,0.16534046080074766,0.13855445512896916,0.1447532679159732,0.09596156042085244,0.10742632764599498,0.13705724712151343,0.12862379488037562,0.10449491979819399,0.0975847598831968,0.11280577289499057,0.11015372483063855,0.08004251853751598,0.0487655174970778,0.06561019932369831,0.0623508832882669,0.05000914754434103,0.06001086136160998,0.020839672519049633,0.03400919426137078,0.021919081825311243,0.04339295578329472,0.03797806707105836,0.015478033871430852,0.0002200460456887797,0.031939646698995815,0.0142429743543846,0.007446044773858428,0.026428436192793028,0.013216674094664139,0.008659500652262517,-0.0008171383776847551,-0.008780710677295259,0.019359449344930228,-0.0022023195657694195,-0.0007731760650342342,0.013667027096597926,0.016705626202115506,0.0030574214046658692,0.006722088202287374,-0.010009609780432601,0.0027202735330233404,0.0013691312789252462,-0.0008862472413529949,0.015167084322332923,-0.017328338706754595,0.017021868707899825,0.0294951608687539,-0.005721133692277619,0.004873072022705582,-0.00682638557431467,-1.0505458363113136e-05,0.0035492800119166145,-0.023786510957612778,-0.004609415038883056,-0.004044425782824274,-0.02597676925412845,-0.021190545440823935,-0.016775746188886966,-0.020002111927281824,-0.030426544791697013,-0.020273652281219703,-0.003750154610664653,-0.018652833048505624,-0.024695350653941024,-0.011814124225443149,-0.02619855823689236,0.0005205120060643567,-0.028611381046953908,0.0044794424190965736,-0.024540495700497798,-0.03505913398665726,-0.018332728068459613,-0.025210316774290274,-0.03283451153953694,-0.025427750447125152,-0.024942889519230106,-0.027703617410224375,-0.004667125370301395,-0.015000436062508586,-0.01829172451248016,-0.01588340743265101,-0.007199586399793959,-0.020334416490627363,-0.004810195767935192,-0.03013789282608913,-0.03023734816916188,-0.02464656699791786,-0.00934304082874562,-0.01788709246850152,-0.013053599229384445,-0.0005563110244124383,0.0018012099780914332,-0.004815494556115172,0.014822264568749778,-0.010691237013292531,-0.0002710252903807226,mle,1700
0.0010828514723447255,-0.001403562171956349,0.005471160696245438,0.020053389326665772,0.9763821193744412,0.9322103094599249,2021-02-03,0.7416200832777584,0.25837991672224164,0.0007021555352207128,0.00013090836703932463,-0.26753866660462367,4.687521792886158,0.20870673289674893,0.16373837865756585,0.15667497947794154,0.1385542908049745,0.14826305500112952,0.10825613722430433,0.10919606868491857,0.10771190619347083,0.11746886595670195,0.10439915463346969,0.06562933081096832,0.09525274992635095,0.05439624750929118,0.09658379992201412,0.09359535290635161,0.053450580108250004,0.07947696021685179,0.06829318236442819,0.08271508510793903,0.05350495375902705,0.029491271464172193,0.019105383125709,0.00811143242674901,0.054770136763921264,0.022732944513963488,0.040290961053832716,0.047343281951199585,0.021394775382693503,0.02696502701315366,0.020867213159586295,0.03300093861212873,0.028814953338570596,0.025531299555114365,0.04855684091622091,0.009120571054595647,0.0019449686327592697,0.025356234444657285,0.01656032177403307,0.020799597460753494,-0.004363370279742763,-0.004315161983520565,0.011546997375490056,0.002254508798089289,0.00046779730276593547,0.0015337399352463635,0.007208275156682769,-0.009159893359517437,-0.011690065687262484,-0.01790636661111947,-0.007058900859984378,-0.008535519695258663,0.017065311588326935,-0.003947718106962531,-0.009057715571684862,-0.024248389665983132,-0.010506666443655782,-0.0047050473436859325,-0.015462808679032115,-0.007499538948957117,-0.008214605073397885,-0.016856039615033475,-0.021987472995927532,-0.023270555512019002,-0.012997514769412967,-0.006888612095870254,-0.0011616012729933917,0.0004556368474623751,-0.008047166348786185,-0.026666609304983456,-0.005762650531149759,0.002970463781453022,-0.0023350656373511314,-0.008301342078513997,-0.02282935829399192,-0.015097825367131251,-0.007414568745570916,-0.01648406853938263,0.01581779516081118,-0.022766746345685058,-0.004724893234018238,-0.001827672213169405,0.003050900961608973,-0.012356349001521874,-0.008095388127211861,-0.015296081141753338,-0.005700753228229241,-0.01536900749007747,-0.01871567848085422,-0.01995283141519388,-0.0020509869798419635,-0.0022116733809816247,-0.0012757139813284718,0.006803963534718123,0.011789397128957387,-0.0059914609498858155,0.005770127442609987,0.008687779751080284,0.014729686662587742,0.01147699115895384,-0.002104323222320885,mle,1700
0.0010927130023034447,-0.001373217870690236,0.00549150315006264,0.020083497085446128,0.9770655094616876,0.9357425799869462,2021-02-04,0.7369653859711975,0.26303461402880235,0.0006328075462670733,0.00013629809465532048,-0.44454486505871554,5.1886317259792865,0.1973781417744173,0.16412927816256834,0.15923135081251164,0.21488999461277591,0.1532776196477322,0.12790207475370355,0.15122336638380074,0.11824091860886747,0.10633494151792129,0.06137834503073199,0.1060716067785434,0.06735053134326892,0.08771780287399329,0.035744226688419097,0.041531769372034205,0.00601990793253319,0.0655872543882837,0.04482927585049777,0.007379758050600465,0.031294152193621014,0.01861201959091736,0.03749617640604318,0.009830782013828053,0.006086616268385753,0.012899216637486706,0.02235312290131433,0.004944861162278407,0.006753675158210484,0.005530903204264058,0.01306327574586409,0.028619455772567467,0.013233576601600601,0.003383646828905471,0.0339141133717615,0.0332143862055275,0.008306512883555193,0.013710980303217005,0.019392849429696747,0.008810010249596094,0.020602616610099427,0.03522561590407052,0.02317151182860487,0.010472741924068073,0.015607982600921368,0.00832006519535439,0.002143024642352314,-0.007453997092407266,-0.0028639301522217155,0.003977133984457446,-0.005451321796484895,0.0128771744147275,-0.010016241306444722,-0.015790194811493668,-0.0036153960011823306,-0.0038591765301373717,-0.0022154567300629916,0.002865839883084318,-0.016668135321713972,-0.0001988259575521716,-0.028263812453087032,-0.014272606669985786,-0.01357846384175054,0.028414132274951008,-0.010401950617815434,0.017856143202966662,0.0030815444512949687,0.009979050871739501,-0.005672652056035699,0.016340069462966955,0.03273320155880865,0.013869623446598893,-0.00697278713552044,-0.0004399838295205151,0.012235242719532064,-0.0029023616979428984,0.027753977067472825,2.5098806818158313e-05,-0.021216683053689053,0.007596571682721124,0.005687231871036642,-0.0017532995981917876,-0.004455020189458244,-0.012100609674390608,-0.02044916590342895,0.007630171517958469,-0.01263531623591464,0.004374173897193583,0.02757862336349335,0.006444687670190397,-0.022011883354201484,0.0048611808108697755,-0.0088155346136538,-0.021884807291566135,0.012955261477367367,-0.032136574181487285,0.023534948232487467,-0.009782730026290784,-0.012439996730667017,-0.01359146962381375,-0.013125276231706678,mle,1700
0.0010923341251670847,-0.0013844183841689776,0.005489863154403852,0.02009600942321055,0.9768533916095589,0.9342978383944072,2021-02-05,0.7394830745380682,0.26051692546193184,0.0005001783410815528,0.00012101648521818353,-0.4787430567768006,5.860058794604868,0.18470344205660663,0.16845791735217439,0.17512703601675417,0.19702379556046787,0.13954353526456045,0.11885743818183377,0.11173252023501803,0.08762586433918847,0.07253422318384051,0.05718204813104175,0.11506088826846851,0.052838344031085775,0.04969574739754332,0.04948900393647026,0.05191134336644369,0.039169457003607626,0.030407340217835577,0.023557500801304743,0.019680204660028133,0.008922400907842215,0.01113903907403422,0.008214552472661975,0.007349992606343971,0.012137762281667028,0.019847515131444022,-0.007320702024212149,-0.002927021277902085,0.005805000670079748,0.013677634221581834,0.0035945873751101875,-0.019276214501116783,-0.011871987388518265,0.008135069625468339,0.0026730574513317167,-0.00673639468375065,-0.0021215957920392497,0.020591583987286013,-0.00035029652136507546,0.024708763162988874,0.017338187645130204,-0.005038350090179939,0.004456088207611246,0.006610574774386475,-2.5454277053703713e-05,0.02295969312190224,-0.015874192770637903,0.003558053403956933,0.0011268558729026741,0.01558439162468984,0.0022342860647969203,-0.000871764650447474,0.0018834384217558315,-0.009050065531853422,-0.013304255461078732,-0.01263217512504853,-0.014191470620880277,-0.011721241557560233,-0.015365996415578701,-0.005435542799659247,-0.03366152277851298,-0.003079226723445397,-0.0028347753575394853,-0.016401314974093435,-0.0013923479775607163,-0.0003838950940511802,0.008870349762467662,-0.016567101203336255,-0.008136152165785141,-0.010373806298031958,-0.0010395729938071328,-0.012027941218506066,-0.0014956419013002916,-0.0016246637503819893,-0.001023003055433303,-0.008814360010802422,-0.016617970177676977,-0.00962897259943134,-0.017821692840475807,-0.02398276014092271,-0.008241533362469964,-0.028722442915979696,-0.01065668712029799,-0.020859974518743888,-0.01610175465895664,-0.016102350026220753,0.0006995792211427273,-0.0181083171437359,-0.012241527282097613,-0.005766071235130738,-0.0020352067237093116,-0.012015997965514358,-0.018275654327771926,-0.023671736314203416,-0.019823590986110338,-0.019750533087845554,-0.04168618062720523,-0.02300815462857484,-0.026276286256424527,-0.021076922596928605,-0.0030361626977117857,mle,1700
0.0011014941503963145,-0.0013969225434704018,0.005496211556056227,0.02011996835059801,0.9768093409474422,0.9335559764963636,2021-02-08,0.25872417228698275,0.7412758277130173,0.0004457471075785911,0.0001260045931467477,-0.40258499313016943,5.11477783100891,0.1979422236531569,0.2119357356583259,0.15532775319321324,0.15903343493049601,0.1186923118512997,0.14097196217079716,0.12197932777168105,0.09998546022976819,0.09071800855617371,0.0511345400810456,0.07259452240700173,0.03336694662723511,0.0497351749377551,0.052459627315708475,0.07343579237596465,0.04734926612794109,0.053169669735334615,0.01827233308586742,0.03542920447450356,0.010309955935415815,0.01806946917674216,0.014668182533106767,0.02073872110916148,-0.0010885716600363992,0.028249194995539764,0.009115546243226323,0.009546000939653833,-0.009407831307301825,-0.021568976852202385,0.004952683753560995,0.007970140879003405,0.013839752617638366,0.001844051113626221,0.021671418178029443,-0.008879817774627218,-0.001960302553375598,-0.012055589309928023,0.002014148250990769,0.008104894235616639,-0.00652288150024987,-0.0003192559763716136,0.0002193275033189228,-0.011257954967181816,-0.008523710566934477,-0.022481922937998295,-0.027193479515181685,-0.01863492583871605,-0.01624139928438122,-0.022782946597129303,-0.019806461983583816,-0.02755514208641102,-0.025116403059532267,-0.018036560417122302,-0.02390255177448764,-0.034953413625937554,-0.0194318195521973,-0.02662783372467859,-0.018772438717843502,-0.029701439073548056,-0.02580045597518429,-0.027957071614628643,-0.03479124438245653,-0.029825810264425944,-0.018499197396922813,-0.019480953623970912,-0.015027235086209014,-0.030826922963924756,-0.024701852472067777,-0.014115265994136015,-0.02149551358513183,-0.014199711939055155,-0.023073271698314923,-0.0020402184634731955,-0.010840716832351226,-0.022807398945292275,-0.015289985845830408,-0.020245582137919844,-0.024488753857700864,-0.02713285046003543,-0.0201400163237432,-0.02115033796570121,-0.020281252793820165,-0.018756271305511878,0.0010200885768092364,-0.022635833598297576,-0.01968325060838958,-0.03886940113886497,-0.013829482912658281,-0.029267956275090636,-0.032858012226336615,-0.017892803621712125,-0.033153094415803504,-0.03310736495762265,-0.031148331317822447,-0.034157228400094636,-0.04173553077466968,-0.02120033067739191,-0.034046502760786496,-0.027172839510246103,-0.02218119863210201,mle,1700
0.0010935638728034002,-0.0013976041288097764,0.005477323931477249,0.020100351066822977,0.9765793475820105,0.9328702747495539,2021-02-09,0.25864776073875584,0.7413522392612442,0.0005938832167635549,0.00013489344665761148,-0.23370780280065825,4.900131900260252,0.18996028621078132,0.1838983504417304,0.14704338085037238,0.17080441597017135,0.15415760056020397,0.15902421043298492,0.1386973089724861,0.12783305686946053,0.13363668690874517,0.09463496562308846,0.09326399513798224,0.08918852427057918,0.0671613255202752,0.07073512422050507,0.06995826826170433,0.04864681961992509,0.07233681893342696,0.049950006285490275,0.029594375803965362,0.05769126207417335,0.03698641473330462,0.03291970485818233,0.016270256492860246,0.01893451722269719,0.009404028726921749,0.02099913132536046,0.006251346640225779,0.025484215021970354,0.005896380827143271,0.015806220501606218,-0.0016998711459299937,0.017173142269236885,0.012597094026638958,-0.0006191254584525195,0.029064217797234983,0.008754007210324218,0.006478349606352646,-0.01646890831124464,0.0031275837554051306,0.014193312942459523,-0.0018799442604111145,0.003411037978060476,-0.0216181030722272,-0.023409760159759305,-0.010865870496560482,-0.012606416946666362,-0.010970193800075542,-0.02210365054894924,-0.007579694501083186,-0.023547219150086816,-0.008337356622812896,-0.032989175151631356,-0.016687914228781183,-0.016404207077042196,-0.025551151315935643,-0.0339190253011304,-0.028509422539773673,-0.01573696671308019,-0.008196962647481256,-0.02214637628324681,-0.024379132142924007,-0.014680019983524393,0.003013639253015803,-0.0014609417413677646,-0.022198252620552042,0.003151549148130012,-0.011528264917480388,0.01889161523094018,-0.014648572916826119,-0.02137377914376799,-0.010833588907375047,-0.030724794947718147,0.0043377913380116435,-0.02635696758191354,-0.01894753268173885,-0.03165916279900597,-0.030494692376638478,-0.03067103524053016,-0.02590465551415381,-0.033501788652296104,-0.0329948191227205,-0.0226730824323557,-0.022252484119726298,-0.031205973461667955,-0.03278513391609335,-0.03904406763834678,-0.024983068460573812,-0.01274299451105456,-0.011991124383830487,-0.01867143965795011,-0.01572152385129071,-0.024367197148049406,-0.018584517566285718,-0.019232627681893853,-0.03254641222862521,-0.002284349622838571,-0.015912547252472743,-0.013869410322558024,-0.01838781542508537,0.0016786265463721048,mle,1700
0.0010839646870792242,-0.0013872813922891638,0.005452496363440734,0.020060790597066794,0.9763470349576332,0.9326060818906995,2021-02-10,0.2597888496958797,0.7402111503041202,0.0002562477066137354,0.00012256978292465992,-0.516058850413711,5.073224836159721,0.22600536829614418,0.22725171916016004,0.1809403658171979,0.20710215620942574,0.11146380219862717,0.12741783659160652,0.11760962557949288,0.11756216139000114,0.10963315042068919,0.1009264008990685,0.10649834275485184,0.08004886324728001,0.09900778415271211,0.08602183886204989,0.060664855801184615,0.06161840640455789,0.04931244000463369,0.03374710524719384,0.03373832601519074,0.047663462120305256,0.04400306762127909,0.03367939102937855,0.0159214081099528,0.02729337163628591,0.04644339112758539,0.03160592315451764,0.009496155836070394,0.031199537378783063,-0.004360100389928613,0.014062836595949828,0.015009424243213379,-0.0004138343319137823,0.014230985170332548,0.014078619559019494,-0.001502924442551838,0.012732573999238142,0.01463726527851064,-0.0016089032552314751,0.006865643737415861,-0.001617350866598615,-0.0025343164581200124,-0.013715400113064245,-0.008415419792259404,-0.011457016398411488,0.019154280770704267,-0.004212213624849963,0.021855947280451312,0.006541482544237551,-0.0035095786249393435,-0.004746047266103894,0.0010145979806843427,0.0038934800487811397,0.0009122071992015115,0.0010859906838514787,-0.01777953089084251,0.0023256022083894346,-0.012237821951539324,3.7103433303480085e-05,0.005873962717174794,0.00995088903368374,-0.004601173717733807,0.01963778825449357,-0.009746402831815177,0.02292293116076621,0.0032485943014691314,0.017062261995548902,0.008770623985803626,0.012556658599839298,-0.002206827956701065,-0.015327531968408912,-0.01253241625306961,0.015147890719019582,0.018066484084144845,0.006140587691564333,-0.0008048578815309137,-0.03005462370756223,-0.014684351717200398,-0.008019053908533634,0.0005282239833191771,-0.002091298447114224,-0.0021483103609903375,0.008227855542766355,-0.012827656959331942,-0.022710314808538648,-0.01799121424072821,-0.006691385886100581,-0.040740546815626846,-0.02836621325329536,-0.027842756477420964,-0.01663029088139203,-0.028873941504265664,-0.025936031468690588,-0.02736027347435784,-0.02360445144623272,-0.020731998285453437,-0.02043435081458033,-0.03061570638335287,-0.02509845027816152,-0.029538858222189178,-0.04177637099811895,mle,1700
0.0010842743467049257,-0.0013886274971024364,0.00545255497886417,0.020063155919614665,0.9763398232252638,0.932531118148954,2021-02-11,0.7403662768876419,0.25963372311235805,0.0002975933756649197,0.00012823089719217001,-0.5171922922017411,4.520449144251315,0.217920148431225,0.1743071976945318,0.17939525890058802,0.1566862792167018,0.14212595923711688,0.11651781591526401,0.09385215869036796,0.15385327375263388,0.09431391119154327,0.09630164331810936,0.0610141088614248,0.09284587761533807,0.04997137376741916,0.03910153161688606,0.0250880183428545,0.05149310607342599,0.06592355819055697,0.017961158759548436,0.018952506721341352,0.014442543858135754,0.022370560274845835,0.017424491328076365,0.023675750732345745,-0.004985301067222422,0.003940321575634748,0.030491941534271698,0.003325315270420653,-0.007874923594672003,0.0035738683669687757,0.014613539904168268,0.0022412501912176573,-0.011730105988574196,-0.0043184234751045495,-0.0015920393716377236,-0.010707801709951515,-0.011002087411415458,-0.02119837310573614,-0.012028447483219464,-0.005902125171333189,-0.01815048641445306,-0.025785333418276025,-0.011243287612712113,-0.02762662892146274,-0.03473540858102657,-0.018477257530871802,-0.0188158921200446,-0.017646550805048542,-0.01699404572158315,-0.009896019889894447,-0.027201583884717356,-0.004359536461554711,-0.015264349887082815,-0.00894778581696394,-0.009298490893781174,0.00437971152610177,-0.013736617043956062,0.03339180423704933,-0.006267760959341915,0.004955047643047248,0.021532891751724386,0.014680492879360855,0.007280338898387044,0.0005357576066731725,0.021577157742079977,0.002377654734483043,0.008344982231844171,0.008403660624384801,-0.004044847885525873,0.007165409452988045,-0.018152066039365092,-0.008638274219476693,-0.01031354331979119,-0.012843946832824528,-0.012227447308126811,-0.01119938060244572,-0.01674778565685841,-0.006329976920028177,-0.018816516974786566,-0.0003510441668585574,0.0003139878942042859,0.0006268678561682726,-0.020176653603859097,0.00030459044523437696,-0.0022969109625935904,-0.007365883095844717,0.0179740846819681,0.009394303518833427,0.003355286050524707,0.024000913695052032,0.020474478795399143,-0.02142177942400013,-0.005276575821053756,-0.0038971967614002258,0.0006243200375340408,-0.018332048358810093,0.00010778233319650201,-0.012453687746939106,-0.00032577020843407693,-0.005752322772542527,0.015673395346762257,mle,1700
